{
  "unet_resnet18": {
    "mIoU": 0.14453488655494293,
    "mean_dice": 0.20009945981430727,
    "pixel_acc": 0.7989210941961972,
    "hd95": 31.87474679541906,
    "iou_per_class": [
      0.8616806091301719,
      0.0,
      3.461045928079466e-05,
      0.027193109053482312,
      0.0,
      0.0,
      0.17618711168795262,
      0.31393230254910154,
      0.5593439187102931,
      0.0,
      0.0002986730383581516,
      0.18976062427501844,
      0.27655502840084967,
      0.060032748173231155,
      2.9220257430467962e-05,
      0.4002098480262,
      0.0,
      4.503246840972341e-06,
      0.0,
      0.00022111745390622408,
      0.16974919319168455
    ],
    "dice_per_class": [
      0.9257018684131566,
      0.0,
      6.92185228767218e-05,
      0.05294643979560899,
      0.0,
      0.0,
      0.2995902776644194,
      0.47785156349388086,
      0.7174093052838748,
      0.0,
      0.0005971677188193141,
      0.31898958564148017,
      0.43328336381596066,
      0.11326583688416496,
      5.843880726394374e-05,
      0.5716426699760099,
      0.0,
      9.006453123663104e-06,
      0.0,
      0.00044213714357298396,
      0.29023177648624043
    ],
    "acc_per_class": [
      0.9637561008428032,
      0.0,
      3.476205374213509e-05,
      0.028314496547687782,
      0.0,
      0.0,
      0.2006428196606612,
      0.3799130170931526,
      0.583749422249419,
      0.0,
      0.0002992271390465768,
      0.3184659832493441,
      0.5510988037630649,
      0.0808815253359746,
      2.9223246118178807e-05,
      0.9151857293450214,
      0.0,
      4.5034293614587505e-06,
      0.0,
      0.00022181966061591925,
      0.4546664521507657
    ]
  },
  "deeplabv3plus": {
    "mIoU": 0.46428658963239655,
    "mean_dice": 0.6021034951492084,
    "pixel_acc": 0.8773508791599915,
    "hd95": 23.661724889692618,
    "iou_per_class": [
      0.8898423744829906,
      0.6522838912915799,
      0.26297392184218193,
      0.6738142583869529,
      0.3086962253372589,
      0.4292279532795196,
      0.6907468065393902,
      0.5917687777832455,
      0.7862653263577077,
      0.19059922270122304,
      0.26748376395039214,
      0.41902388041745614,
      0.4642093067885396,
      0.37704706640876856,
      0.5479755206959068,
      0.6826183279521879,
      0.17251089308474377,
      0.06893540813735405,
      0.1843173821824904,
      0.5123328008019297,
      0.5773452738585076
    ],
    "dice_per_class": [
      0.941710680740162,
      0.7895542584775715,
      0.4164360281621753,
      0.80512429023792,
      0.47176146665771274,
      0.6006430986668141,
      0.8170907718030311,
      0.7435361040406434,
      0.8803455060743361,
      0.32017360513438414,
      0.4220705172849238,
      0.5905804492792404,
      0.634075066503563,
      0.5476168180541249,
      0.7079899047105852,
      0.8113763134661216,
      0.2942589175114392,
      0.12897955781533268,
      0.311263492296002,
      0.6775397591459499,
      0.7320467920713435
    ],
    "acc_per_class": [
      0.9592221094135444,
      0.8058326874556818,
      0.5962735078388431,
      0.7048411461834748,
      0.35133783445861466,
      0.491569898959433,
      0.828104775231765,
      0.7297663598664913,
      0.9524291563865037,
      0.21917450805460637,
      0.47148792832227615,
      0.49312674485999086,
      0.6089433395802448,
      0.526574071989735,
      0.6271308616961172,
      0.9053997107094452,
      0.1827258170858058,
      0.06968606593921271,
      0.2851140909205263,
      0.6046508188842471,
      0.5931023387108569
    ]
  }
}