{
  "unet_resnet18": {
    "mIoU": 0.18097594391488253,
    "mean_dice": 0.2426817286515763,
    "pixel_acc": 0.818548556404771,
    "hd95": 31.405399327171462,
    "training_time_sec": 211.83068704605103,
    "iou_per_class": [
      0.8652528386528588,
      0.00018132366273798732,
      0.0,
      0.2500703105718402,
      0.0003165084124604364,
      0.0,
      0.45509943100922085,
      1.000920847179405e-05,
      0.6338224832730909,
      0.005615596524687434,
      0.010348740449353204,
      0.0003001094516823783,
      0.27432615438381897,
      0.22315520286836624,
      4.869876889512233e-05,
      0.4861947939602567,
      1.5688735487919675e-05,
      0.012716572147583628,
      0.0002736749570827908,
      0.13815964818763327,
      0.4445870369870046
    ],
    "dice_per_class": [
      0.9277593050363834,
      0.00036258158085569254,
      0.0,
      0.4000899924700178,
      0.0006328165331645823,
      0.0,
      0.625523481503357,
      2.0018216577085147e-05,
      0.7758768039515935,
      0.011168475397745231,
      0.020485481962892526,
      0.000600038826041685,
      0.4305430810473559,
      0.36488452543888955,
      9.73927948810347e-05,
      0.6542813848307133,
      3.137697871071994e-05,
      0.025113783060973623,
      0.0005472001591855009,
      0.24277727365863655,
      0.6155212882351291
    ],
    "acc_per_class": [
      0.9687420745108113,
      0.0001813954255371778,
      0.0,
      0.34459058661625946,
      0.0003167458531299492,
      0.0,
      0.7687773307678852,
      1.0114291493880854e-05,
      0.8584266956572686,
      0.005798979918191459,
      0.011695506463306204,
      0.0003008570000132731,
      0.5854941120528097,
      0.2540575827836931,
      4.870541019696468e-05,
      0.8947518947518948,
      1.5698094251357886e-05,
      0.01283477368015744,
      0.00027673652167350125,
      0.18397722651484344,
      0.4813590557400067
    ]
  },
  "deeplabv3plus": {
    "mIoU": 0.43928064563260266,
    "mean_dice": 0.5695115005536783,
    "pixel_acc": 0.872565332193577,
    "hd95": 19.98671207274922,
    "training_time_sec": 234.95162272453308,
    "iou_per_class": [
      0.8838609494657821,
      0.6609354367919938,
      0.17142186215803687,
      0.6921175763087258,
      0.35179195238711347,
      0.37419832545423476,
      0.6418299326633506,
      0.5908157340566585,
      0.7781712311926936,
      0.14709161300784443,
      0.2754954798331015,
      0.3918284786782985,
      0.43941654447311634,
      0.34201800389441533,
      0.49495007743763797,
      0.7002345354826575,
      0.03196676334561417,
      0.0,
      0.22985018118881498,
      0.49220706930141944,
      0.5346918111631439
    ],
    "dice_per_class": [
      0.9383505186159562,
      0.7958592756242887,
      0.2926731482409542,
      0.8180490363069776,
      0.5204823889739663,
      0.5446059983089344,
      0.7818470353043012,
      0.7427833675620611,
      0.875248927147181,
      0.25646009671738146,
      0.4319818990956363,
      0.5630413297052016,
      0.6105481365492575,
      0.5097070276284072,
      0.6621626834335341,
      0.8236916976679067,
      0.06195308701993194,
      0.0,
      0.37378566056986545,
      0.6597034412011564,
      0.6968067559543445
    ],
    "acc_per_class": [
      0.9666872576482245,
      0.7841394436107584,
      0.25376299231758614,
      0.7464033471214914,
      0.4079519879969993,
      0.495385311416076,
      0.8294560083960119,
      0.689551936886821,
      0.8447559776841804,
      0.183227565775077,
      0.5419088981601805,
      0.49023763278633403,
      0.639842242175044,
      0.41252654405750777,
      0.585253950008767,
      0.8338642055456215,
      0.032008414178518727,
      0.0,
      0.356377938229054,
      0.5753558357055714,
      0.6178935513594945
    ]
  },
  "sam2_zeroshot": {
    "mIoU": 0.6773155591231262,
    "mean_dice": 0.7806700213664219,
    "pixel_acc": 0.9219734117361862,
    "hd95": 16.99180534899493,
    "training_time_sec": null,
    "iou_per_class": [
      0.9061077327325499,
      0.766557919931801,
      0.021951304227015387,
      0.818692430442545,
      0.5529755607753133,
      0.9374202190528721,
      0.8195270897454687,
      0.8636022143139581,
      0.8078991251113599,
      0.49063180452875005,
      0.8146580084103326,
      0.5210989405638355,
      0.9514806023224056,
      0.5092013178910657,
      0.32760948343241514,
      0.7934064472878675,
      0.5788587464920486,
      0.6243413011456995,
      0.6479794824581594,
      0.5690132970904481,
      0.9006137136297409
    ],
    "dice_per_class": [
      0.9507413638510094,
      0.867854839383239,
      0.04295958943683513,
      0.9003088336858931,
      0.7121497269399961,
      0.9676994281716949,
      0.9008132875450745,
      0.9268096031232429,
      0.8937435876701321,
      0.6582870471945403,
      0.8978639552297627,
      0.6851611380002361,
      0.9751371355575593,
      0.674795750380891,
      0.49353290635648406,
      0.8848038307074452,
      0.7332622348619504,
      0.7687316707459593,
      0.7863926576217078,
      0.7253135434168937,
      0.9477083188143193
    ],
    "acc_per_class": [
      0.9978220638155906,
      0.7710707277254663,
      0.021969617965029373,
      0.8196572205920736,
      0.5543671693839766,
      0.9376270865843855,
      0.8506929829454691,
      0.8836047334884192,
      0.8131707945150046,
      0.4928076211552759,
      0.8151165897034691,
      0.5224652968521348,
      0.9679636000857785,
      0.5099292204982382,
      0.33684661692220774,
      0.7955651170316339,
      0.5828388433644156,
      0.6280077278847843,
      0.6489111823330552,
      0.5825660459286891,
      0.9034324942791762
    ]
  }
}