{
  "unet_resnet18": {
    "train_loss": [
      3.120252306644733,
      2.68247336607713,
      2.380012814815228,
      2.1314197045106154,
      1.8956506481537452,
      1.7084794961489165,
      1.5542218318352332,
      1.4220625849870534,
      1.2877327708097606,
      1.2041582556871266,
      1.1025248307448168,
      1.0375344432317293,
      0.9913843824313238,
      0.9289669073545016,
      0.8833145888952109,
      0.8374179739218491,
      0.8033459255328546,
      0.7940131494632134,
      0.7578974412037776,
      0.7270137209158677,
      0.7504893289162562,
      0.7144143535540655,
      0.6831338932880988,
      0.695026505451936,
      0.6819013586411109,
      0.6761531875683711,
      0.6743819667742803,
      0.6596018075942993,
      0.6767978163865896,
      0.6697772534993979
    ],
    "val_loss": [
      3.479872959631461,
      2.4828850869779235,
      2.1275411314434476,
      1.9183734876138192,
      1.7871944462811504,
      1.6431563121301156,
      1.454779514559993,
      1.3257898622088962,
      1.3116688286816631,
      1.2147731957612213,
      1.1312192700527333,
      1.0957162821734394,
      1.0537536674075656,
      1.0043175176337913,
      0.9816639511673538,
      0.9536000688870748,
      0.9114718017754732,
      0.9473874745545564,
      0.9207275995501766,
      0.8952764029856082,
      0.8911442822880216,
      0.8891931043730842,
      0.8829180377501028,
      0.8741830256250169,
      0.8739098089712637,
      0.8627646410906756,
      0.8620265898881135,
      0.8762755504360905,
      0.8768250346183777,
      0.8783056449007105
    ],
    "mIoU": [
      0.028838931749927115,
      0.06459932031653508,
      0.09268155779704859,
      0.11779827288854929,
      0.1252079332209029,
      0.1374455250041357,
      0.1365335852854834,
      0.1479358980636845,
      0.139554468845895,
      0.13873948553025445,
      0.14954585692059139,
      0.16051329673394182,
      0.15427153368413263,
      0.1604534213172565,
      0.1656064857950901,
      0.16581757223170368,
      0.17193223109221667,
      0.16318142408885694,
      0.1671813749321806,
      0.16933183572185118,
      0.16648730027027014,
      0.17296699984613145,
      0.1787375879007373,
      0.17863284571566052,
      0.17483626164689556,
      0.18016544768553452,
      0.18097594391488253,
      0.1740490031930118,
      0.17991314863531818,
      0.17460947661732962
    ],
    "mean_dice": [
      0.05078006104680711,
      0.09837245250518893,
      0.13530328968264532,
      0.16446573737976314,
      0.17686938046978173,
      0.19417754896860123,
      0.18888183313371254,
      0.2008977914697565,
      0.19439900086195053,
      0.19130452134371223,
      0.20318482767714105,
      0.21867216416952928,
      0.2094966510861919,
      0.21728149678174608,
      0.22386212432077351,
      0.22439736990045175,
      0.23215331986987664,
      0.21749273430032587,
      0.22547194914191127,
      0.2284651183656158,
      0.2266919355952426,
      0.2336675436231328,
      0.2383741394662966,
      0.23980611727910778,
      0.23587564147236464,
      0.24170779203419168,
      0.2426817286515763,
      0.23575254904700657,
      0.24222273713729076,
      0.23534371376406704
    ],
    "pixel_acc": [
      0.2173272061396347,
      0.5523978903471115,
      0.6898244388944865,
      0.7592592286026673,
      0.7645347152879102,
      0.7617682226196989,
      0.782085257487364,
      0.7993055362210003,
      0.7809628583403753,
      0.7842794138782894,
      0.7982693712803973,
      0.7980926889797049,
      0.7980542372524246,
      0.8079625927149403,
      0.8058668607061724,
      0.8124602408387442,
      0.8186596224506919,
      0.8019440320436078,
      0.8108293157172752,
      0.8154687310704254,
      0.8120326064627497,
      0.8144028431703788,
      0.8163230215984331,
      0.8165275456586043,
      0.8164176083326624,
      0.8177701158593434,
      0.818548556404771,
      0.815686649274346,
      0.8156354806353038,
      0.813782423421993
    ],
    "training_time_sec": 211.83068704605103
  },
  "deeplabv3plus": {
    "train_loss": [
      2.687015716846173,
      1.866346001625061,
      1.4725490029041584,
      1.2270010044941535,
      1.0591516082103436,
      0.904766532090994,
      0.76729593368677,
      0.6901653684102572,
      0.6080659238191751,
      0.5394109476071137,
      0.501006448498139,
      0.4495538759690065,
      0.4039504516583223,
      0.3670911897833531,
      0.35512843097631747,
      0.3374658628151967,
      0.3159688997727174,
      0.31931212028631795,
      0.29100420154058015,
      0.2812626717182306,
      0.2824038857450852,
      0.24640852098281568,
      0.2541820401182541,
      0.24970509627690682,
      0.25687804302343953,
      0.24829377520542878,
      0.24395288412387556,
      0.2343769331391041,
      0.2544512003660202,
      0.24956995191482398
    ],
    "val_loss": [
      2.5577227627789534,
      1.6887870806234855,
      1.3006433579656813,
      1.0470801304887842,
      0.9789421403849566,
      0.8811375189710546,
      0.7672847674952613,
      0.7635322323551884,
      0.6750578140770948,
      0.6512541925465619,
      0.6029264209447084,
      0.6099256111515893,
      0.572931891238248,
      0.571902456106963,
      0.5639666219552358,
      0.5581930765399227,
      0.5293085012171004,
      0.5409290613951506,
      0.5266045994228787,
      0.5243557227982415,
      0.5151683743353244,
      0.5166678461763594,
      0.5110578691517865,
      0.5204760443281244,
      0.5166735516654121,
      0.5133005904930609,
      0.5169185024720652,
      0.5114693222222505,
      0.5117339845056887,
      0.5123382243845198
    ],
    "mIoU": [
      0.11548335427923138,
      0.1971910261809717,
      0.2620686534249983,
      0.30100345635030373,
      0.3375885062209383,
      0.3477680500957649,
      0.35887091142900623,
      0.39435111661853367,
      0.4020609870469977,
      0.4051991618181508,
      0.410981074981542,
      0.42295025311197404,
      0.43112474777029175,
      0.4255997699267866,
      0.42800744044983413,
      0.4217563660444127,
      0.43928064563260266,
      0.410019065334212,
      0.43023710010731264,
      0.4306941074668331,
      0.4318091435972481,
      0.43201523226531385,
      0.4333138742241669,
      0.4327491939389441,
      0.43368054208442935,
      0.43027816853657397,
      0.43324332919129355,
      0.4372212858984726,
      0.4385677908467163,
      0.4339475789742202
    ],
    "mean_dice": [
      0.16115623676890115,
      0.2888982422620354,
      0.37036515495697186,
      0.4107764383817514,
      0.4578694224277647,
      0.474110927671517,
      0.4836550738663176,
      0.5206172429438363,
      0.5271451071823344,
      0.5309829456672124,
      0.5355583209228921,
      0.5511485931434447,
      0.5601025059575244,
      0.5576515003369638,
      0.5592213634832528,
      0.5487554403888355,
      0.5695115005536783,
      0.5395746167202633,
      0.5620755895477869,
      0.5613857420852721,
      0.5639517598350702,
      0.5661209079623565,
      0.5647481938103447,
      0.5673334714371668,
      0.565240850530752,
      0.5627306583138134,
      0.5677110616210458,
      0.5705876369171866,
      0.5728056603822266,
      0.5667480716243363
    ],